{
    "timestamp": "2025-07-01T16:36:03.262652",
    "metrics": {
        "rmse": 6.839994703122975,
        "mae": 3.9148968378331896,
        "r2": 0.9699086041067901
    },
    "hyperparameters": {
        "max_depth": 9,
        "n_estimators": 500,
        "learning_rate": 0.026948022473899044,
        "num_leaves": 95,
        "min_child_samples": 7,
        "subsample": 0.9744427686266666,
        "colsample_bytree": 0.9828160165372797,
        "random_state": 42,
        "objective": "regression_l1",
        "metric": "rmse"
    }
}